1,Eric,Au123456,0452575149,u0000001@gmail.com
2,Carmelo,Au123456,0447249725,u0000002@gmail.com
3,Arthur,Au123456,0418467256,u0000003@gmail.com
4,Simon,Au123456,0497261438,u0000004@gmail.com
5,Ben,Au123456,0447234915,u0000005@gmail.com
6,Greg,Au123456,0418149734,u0000006@gmail.com
7,Eden,Au123456,0497341865,u0000007@gmail.com
8,John,Au123456,0478421956,u0000008@gmail.com
9,Amos,Au123456,0438449745,u0000009@gmail.com
10,Alan,Au123456,0418493474,u0000010@gmail.com
11,Edgar,Au123456,0474689417,u0000011@gmail.com
12,Frank,Au123456,0448369516,u0000012@gmail.com
13,Hale,Au123456,0417389146,u0000013@gmail.com
14,Jack,Au123456,0419345932,u0000014@gmail.com
15,Luther,Au123456,0418974032,u0000015@gmail.com